<!DOCTYPE hibernate-configuration PUBLIC

        "-//Hibernate/Hibernate Configuration DTD 3.0//EN"

        "http://www.hibernate.org/dtd/hibernate-configuration-3.0.dtd">



<hibernate-configuration>
	<session-factory>
<!-- 		JDBC STUFF  -->
	<property name = "hibernate.connection.username"> superhuman</property>
	<property name = "hibernate.connection.password"> p4ssw0rd </property>
	<property name = "hibernate.connection.url"> jdbc:oracle:thin:@jponder23.cv1rmjxwr5fp.us-east-2.rds.amazonaws.com:1521:orcl </property>
	<property name = "hibernate.connection.driver-class"> </property>
	<property name="hibernate.connection.driver_class">
	oracle.jdbc.driver.OracleDriver
	</property>
<!-- 	ADDITIONAL HIBERNATE OPTIONS -->
	<property name = "hibernate.connection.dialect">	org.hibernate.dialect.Oracle10gDialect	</property>
	<property name="hibernate.connection.show_sql"> true</property>
	<property name="hibernate.connection.format_sql"> true</property>
	<property name="connection.pool_size"> 10</property>
	<property name="hibernate.hbm2ddl.auto"> create</property>
	<mapping class="com.example.model.Crime"/>
	<mapping class= "com.example.model.SuperVillain"/>
	</session-factory>
</hibernate-configuration>