<!DOCTYPE hibernate-configuration PUBLIC
        "-//Hibernate/Hibernate Configuration DTD 3.0//EN"
        "http://www.hibernate.org/dtd/hibernate-configuration-3.0.dtd">
<hibernate-configuration>
	<session-factory>
		<!-- JDBC STUFF -->
		<property name="hibernate.connection.username">myHogwarts</property>
		<property name="hibernate.connection.password">project2</property>
		<property name="hibernate.connection.url">jdbc:oracle:thin:@revy-san.clufbq9xeyv1.us-east-2.rds.amazonaws.com:1521:orcl</property>
		<property name="hibernate.connection.driver_class">
			oracle.jdbc.driver.OracleDriver
		</property>
		<!-- ADDTIONAL HIBERNATE OPTIONS -->
		<property name="hibernate.connection.dialect">
		org.hibernate.dialect.Oracle10gDialect
		</property>
		<property name = "hibernate.connection.show_sql">true</property>
		<property name = "hibernate.connection.format_sql">true</property>
		<!-- Connection Pool. A method of speeding up database calls.
		Hibernate will create 10 connections to the database when it starts up
		  and everytime you create a session, that session will "borrow" a
		  connection from the connection pool. When you close a session
		  the connection doesn't close, it is simply freed up for another session
		  to use. This speeds up database interactions -->
		<property name = "hibernate.connection.pool_size">10</property>
		<property name = "hibernate.hbm2ddl.auto">create</property>
		
		<!-- <mapping class="practice.model.Directors"/>
		<mapping class="practice.model.MovieCharacters"/>
		<mapping class="practice.model.Movies"/>
		<mapping class="practice.model.Planet"/> -->
		
		<mapping class="myhogwarts.model.Users"/>
		<mapping class="myhogwarts.model.Posts"/>
	</session-factory>
</hibernate-configuration>