<?xml version="1.0" encoding="UTF-8"?>
<beans xmlns="http://www.springframework.org/schema/beans"
	xmlns:xsi="http://www.w3.org/2001/XMLSchema-instance"
	xmlns:context="http://www.springframework.org/schema/context"
	xmlns:mvc="http://www.springframework.org/schema/mvc"
	xmlns:tx="http://www.springframework.org/schema/tx"
	xsi:schemaLocation="http://www.springframework.org/schema/beans http://www.springframework.org/schema/beans/spring-beans.xsd
		http://www.springframework.org/schema/context http://www.springframework.org/schema/context/spring-context.xsd
		http://www.springframework.org/schema/mvc http://www.springframework.org/schema/mvc/spring-mvc.xsd
		http://www.springframework.org/schema/tx http://www.springframework.org/schema/tx/spring-tx.xsd">
		
		<context:annotation-config />
	<context:component-scan
		base-package="myhogwarts" />

	<tx:annotation-driven />
	<mvc:annotation-driven/>

	<!-- DATA SOURCE BEAN -->
	<bean id="dataSource"
		class="org.springframework.jdbc.datasource.DriverManagerDataSource">

		<property name="driverClassName"
			value="oracle.jdbc.driver.OracleDriver" />
		<property name="url"
			value="jdbc:oracle:thin:@revy-san.clufbq9xeyv1.us-east-2.rds.amazonaws.com:1521:orcl" />

		<property name="username" value="myHogwarts" />
		<property name="password" value="project2" />
	</bean>

	<!-- SESSION FACTORY BEAN -->
	<bean id="sessionFactory"
		class="org.springframework.orm.hibernate5.LocalSessionFactoryBean">

		<property name="dataSource" ref="dataSource" />
		<property name="packagesToScan" value="myhogwarts.model" />
		<property name="hibernateProperties">

			<props>
				<prop key="hibernate.dialect">org.hibernate.dialect.Oracle10gDialect</prop>
				<prop key="hibernate.show_sql">false</prop>
				<prop key="hibernate.hbm2ddl.auto">none</prop>
			</props>
		</property>
	</bean>

	<!-- This bean is responsible for managing your transactions and ALSO managing 
		your contextual session What is a contextual session? - Sessions with information 
		specific to that user. They make it so thay each user sees only their information -->
	<!-- TRANSACTION MANAGER -->
	<bean id="transactionManager"
		class="org.springframework.orm.hibernate5.HibernateTransactionManager">
		<property name="sessionFactory" ref="sessionFactory" />

	</bean>


</beans>
