<?xml version="1.0" encoding="UTF-8"?>

<hibernate-configuration>
	<session-factory>
		<!-- JDBC STUFF -->						
		<property name="hibernate.connection.username">superhuman</property>
		<property name="hibernate.connection.password">p4ssw0rd</property>
		<property name="hibernate.connection.url">
		jdbc:oracle:thin:@jponder23.cv1rmjxwr5fp.us-east-2.rds.amazonaws.com:1521:orcl
		</property>
		<property name="hibernate.connection.driver_class">
		oracle.jdbc.driver.OracleDriver
		</property>
		
		
		<!-- ADDITIONAL HIBERNATE OPTIONS -->
		<property name="hibernate.connection.dialect">
		org.hibernate.dialect.Oracle10gDialect
		</property>
		<property name="hibernate.connection.show_sql">true</property>
		<property name="hibernate.connection.format_sql">true</property>
		<!-- Connection Pool. A method of speeding up database calls.
		Hibernate will create 10 connections to the database when it starts up
		  and everytime you create a session, that session will "borrow" a
		  connection from the connection pool. When you close a session
		  the connection doesn't close, it is simply freed up for another session
		  to use. This speeds up database interactions -->
		<property name="hibernate.connection.pool_size">10</property>
		<!--
		CREATE	drops all existing tables and then hibernate creates your schema
		VALIDATE	hibernate checks to make sure the schema is as expected
		UPDATE	hibernate will not delete anything, it'll only add to your schema
		NONE	well....it means hibernate won't do anything to your schema automatically
		-->
		<property name="hibernate.hbm2ddl.auto">create</property>
		
		<mapping class="com.example.model.MCharacters"/>
		<mapping class="com.example.model.Directors"/>
		<mapping class="com.example.model.Movies"/>
		<mapping class="com.example.model.Planet"/>
	
	</session-factory>
</hibernate-configuration>
